N,P,K,Crop
170.41,83.44,128.95,Sugarcane
109.12,66.4,126.74,Onion
136.78,101.09,176.94,Tomato
120.79,58.46,58.45,Wheat
82.58,69.75,125.44,Onion
89.84,63.74,118.91,Onion
151.42,74.83,87.56,Corn
174.13,76.0,132.9,Sugarcane
55.01,54.81,106.33,Soybean
150.54,105.48,164.83,Tomato
110.81,58.82,58.46,Wheat
120.44,60.73,62.94,Wheat
145.24,117.71,177.2,Tomato
150.95,91.02,167.66,Tomato
114.38,76.58,149.56,Potato
98.16,51.94,52.96,Rice
154.76,81.52,81.41,Corn
179.98,78.88,134.71,Sugarcane
98.82,48.63,53.93,Rice
134.01,103.05,160.96,Tomato
153.62,71.77,82.41,Corn
187.82,79.0,116.95,Sugarcane
150.87,73.5,80.61,Corn
46.75,56.44,90.03,Soybean
80.91,42.03,52.35,Barley
102.41,67.51,127.72,Onion
112.65,63.86,106.42,Cotton
98.6,63.36,114.26,Onion
105.67,45.63,47.1,Rice
116.62,92.97,148.47,Potato
103.02,64.17,121.43,Onion
106.52,75.58,148.54,Potato
87.21,64.87,120.4,Onion
145.53,64.6,98.39,Cotton
96.17,48.6,51.13,Rice
174.94,87.62,131.27,Sugarcane
94.65,54.61,54.68,Rice
109.28,50.09,46.01,Rice
167.07,79.37,80.06,Corn
146.34,71.4,78.2,Corn
113.87,90.33,142.17,Potato
172.32,92.48,128.3,Sugarcane
183.7,83.51,136.37,Sugarcane
136.93,63.33,60.51,Wheat
164.69,71.2,129.35,Sugarcane
141.98,106.14,173.11,Tomato
81.51,42.82,50.58,Barley
114.86,65.75,99.9,Cotton
73.5,42.62,53.86,Barley
134.53,102.83,182.84,Tomato
104.23,60.2,45.6,Rice
131.0,64.94,102.76,Cotton
148.06,103.59,197.79,Tomato
100.63,52.09,47.14,Rice
164.8,76.98,68.11,Corn
122.97,64.38,104.94,Cotton
62.24,60.34,98.55,Soybean
171.04,79.26,110.42,Sugarcane
124.73,60.31,62.1,Wheat
151.75,104.23,166.0,Tomato
175.49,72.38,127.98,Sugarcane
103.74,51.4,47.57,Rice
182.54,75.97,127.54,Sugarcane
101.71,62.22,119.15,Onion
138.47,67.5,81.1,Corn
117.87,60.43,96.97,Cotton
121.55,65.4,94.05,Cotton
97.77,48.2,52.59,Rice
68.07,58.99,97.5,Soybean
137.09,81.82,85.53,Corn
106.5,60.62,57.79,Wheat
105.68,61.14,131.08,Onion
99.23,69.16,117.87,Onion
118.64,71.59,159.18,Potato
168.44,92.82,115.14,Sugarcane
126.91,67.22,105.16,Cotton
104.66,68.0,116.79,Onion
46.04,70.88,90.47,Soybean
57.84,63.5,121.25,Soybean
80.56,41.89,50.49,Barley
120.47,58.72,60.38,Wheat
124.41,56.55,60.68,Wheat
154.46,80.68,83.34,Corn
127.07,60.37,58.57,Wheat
173.27,76.71,120.09,Sugarcane
85.66,36.52,54.42,Barley
145.42,104.2,168.09,Tomato
116.27,92.47,166.88,Potato
132.12,68.9,75.54,Corn
67.75,65.1,92.59,Soybean
171.6,81.74,125.1,Sugarcane
126.21,84.55,146.9,Potato
97.26,53.28,50.35,Rice
81.78,46.37,53.55,Barley
61.35,54.64,90.4,Soybean
61.8,64.16,104.19,Soybean
55.34,59.94,86.07,Soybean
189.75,92.09,128.37,Sugarcane
124.09,89.05,145.67,Potato
121.36,54.73,60.26,Wheat
130.35,90.62,169.01,Tomato
123.22,59.9,105.55,Cotton
149.81,69.99,79.88,Corn
98.08,69.26,125.12,Onion
125.6,87.56,144.6,Potato
90.53,50.19,47.19,Rice
60.46,66.56,103.16,Soybean
120.36,58.43,58.15,Wheat
108.0,56.05,49.63,Rice
66.51,54.4,96.0,Soybean
90.98,62.21,114.68,Onion
71.08,33.62,51.21,Barley
69.9,42.27,49.59,Barley
64.33,51.2,112.21,Soybean
140.95,106.91,172.42,Tomato
115.25,66.48,92.68,Cotton
119.24,88.25,134.06,Potato
170.01,81.73,127.52,Sugarcane
60.03,60.31,97.0,Soybean
124.15,70.88,155.35,Potato
76.81,49.11,48.27,Rice
105.95,56.87,55.85,Rice
116.24,96.93,163.97,Potato
117.4,60.68,60.17,Wheat
108.46,64.81,62.95,Wheat
79.09,33.24,56.54,Barley
190.88,81.52,123.38,Sugarcane
109.46,44.32,49.81,Rice
140.85,96.79,165.43,Tomato
143.98,64.13,93.55,Corn
117.43,67.81,94.98,Cotton
166.74,77.34,80.1,Corn
104.11,62.36,111.46,Onion
114.15,57.83,98.72,Cotton
117.5,57.27,57.92,Wheat
118.18,80.82,169.73,Potato
105.68,47.93,47.55,Rice
143.86,115.83,172.41,Tomato
189.84,81.68,128.34,Sugarcane
168.46,100.53,134.33,Sugarcane
130.16,51.81,57.3,Wheat
53.97,61.73,91.39,Soybean
95.69,46.39,55.62,Rice
158.82,73.51,94.49,Corn
95.83,43.38,48.53,Barley
165.82,67.38,72.43,Corn
86.17,46.36,45.34,Barley
129.69,61.91,91.61,Cotton
85.32,40.48,55.98,Barley
119.5,81.91,167.83,Potato
106.22,61.19,116.24,Onion
139.98,78.2,74.57,Corn
89.84,52.66,46.2,Rice
81.78,42.94,44.38,Barley
117.83,63.08,106.71,Cotton
96.15,49.76,46.59,Rice
110.25,59.84,101.13,Cotton
150.89,75.43,78.96,Corn
129.43,68.48,103.44,Cotton
63.17,63.62,106.9,Soybean
98.17,68.04,131.4,Onion
145.5,86.41,166.6,Tomato
157.08,86.04,93.32,Corn
89.47,49.2,52.74,Rice
61.57,65.14,90.14,Soybean
87.63,41.7,54.16,Barley
83.2,45.28,53.23,Barley
104.81,50.24,48.41,Rice
110.95,64.81,120.58,Onion
73.68,47.52,46.89,Barley
137.15,96.32,183.03,Tomato
159.74,77.07,92.51,Corn
52.15,55.46,88.8,Soybean
95.97,65.9,137.62,Onion
125.79,73.76,141.24,Potato
81.36,44.02,52.24,Barley
95.82,62.52,122.79,Onion
97.4,50.19,53.65,Rice
129.44,109.44,168.36,Tomato
124.41,85.68,126.79,Potato
114.25,58.52,97.76,Cotton
166.69,77.36,69.8,Corn
85.36,39.48,53.6,Barley
109.63,61.64,95.63,Cotton
98.21,46.31,58.58,Rice
175.49,89.0,122.25,Sugarcane
99.78,48.19,47.62,Rice
151.06,81.94,62.27,Corn
108.31,43.09,48.86,Rice
171.9,79.0,129.4,Sugarcane
100.42,69.76,128.15,Onion
128.26,78.61,72.47,Corn
140.66,99.13,179.17,Tomato
132.98,98.4,171.88,Tomato
128.71,94.0,176.92,Tomato
95.23,51.09,45.83,Rice
111.72,57.28,64.39,Wheat
68.31,35.73,55.85,Barley
108.31,76.37,159.72,Potato
99.79,57.59,40.72,Rice
134.37,84.48,143.77,Potato
77.21,43.68,53.84,Barley
111.42,67.76,113.37,Cotton
104.78,62.19,122.09,Onion
127.13,69.91,111.1,Cotton
183.45,87.91,127.14,Sugarcane
62.56,44.2,97.68,Soybean
81.32,39.25,54.03,Barley
73.49,43.51,46.84,Barley
157.55,100.64,176.49,Tomato
101.99,44.27,50.95,Rice
98.13,58.53,49.68,Rice
116.8,67.66,55.77,Wheat
91.14,56.58,49.84,Rice
94.69,64.62,117.95,Onion
95.61,45.6,49.25,Rice
144.61,108.57,181.71,Tomato
132.75,71.77,106.86,Cotton
122.86,81.38,152.72,Potato
91.49,61.34,117.59,Onion
178.72,78.58,134.41,Sugarcane
174.33,89.04,102.4,Sugarcane
175.8,76.92,121.38,Sugarcane
117.94,60.27,63.38,Wheat
98.26,65.67,122.75,Onion
108.92,70.16,90.1,Cotton
98.55,69.98,121.71,Onion
174.83,77.08,115.11,Sugarcane
149.76,72.22,69.3,Corn
123.79,77.03,164.53,Potato
189.48,81.12,124.93,Sugarcane
139.1,93.29,166.24,Tomato
59.77,61.56,110.34,Soybean
93.34,61.76,125.35,Onion
131.93,66.04,99.01,Cotton
119.5,66.45,116.37,Cotton
99.15,62.49,123.12,Onion
129.23,63.13,92.18,Cotton
121.13,59.99,59.71,Wheat
146.3,85.03,167.68,Tomato
119.54,78.75,151.25,Potato
121.53,54.17,55.81,Wheat
138.43,100.68,179.59,Tomato
60.26,60.29,106.87,Soybean
145.11,80.22,84.55,Corn
112.31,50.8,51.02,Rice
135.75,96.84,171.13,Tomato
113.66,73.81,155.94,Potato
57.53,54.44,95.4,Soybean
83.3,45.22,51.14,Barley
180.44,67.38,122.64,Sugarcane
134.12,98.53,176.58,Tomato
152.49,82.89,79.36,Corn
61.86,57.02,101.29,Soybean
105.01,53.26,47.68,Rice
139.72,96.27,178.14,Tomato
184.47,76.95,124.06,Sugarcane
71.83,35.17,42.67,Barley
185.82,80.72,131.95,Sugarcane
76.7,35.73,52.91,Barley
102.87,50.81,48.85,Rice
110.33,53.88,46.9,Rice
111.66,64.81,59.73,Wheat
147.45,97.21,170.99,Tomato
58.94,52.09,97.53,Soybean
60.16,58.92,91.06,Soybean
178.12,74.95,113.68,Sugarcane
117.89,82.96,140.05,Potato
65.6,55.65,97.03,Soybean
127.4,113.09,171.79,Tomato
136.48,58.35,63.41,Wheat
92.71,53.13,52.82,Rice
119.98,72.28,165.03,Potato
105.85,65.31,114.8,Onion
118.21,79.43,148.21,Potato
115.12,63.06,61.84,Wheat
109.33,69.62,120.4,Onion
115.69,64.22,61.86,Wheat
180.43,93.18,136.26,Sugarcane
154.64,83.43,76.93,Corn
172.51,94.42,112.02,Sugarcane
87.03,41.9,51.25,Barley
59.84,74.28,111.52,Soybean
128.64,67.53,86.68,Cotton
148.24,71.2,77.25,Corn
90.59,48.88,51.17,Rice
66.22,65.82,87.57,Soybean
73.99,50.35,51.16,Barley
134.38,85.01,79.3,Corn
131.87,64.39,61.46,Wheat
180.44,69.49,137.3,Sugarcane
109.2,51.34,47.71,Rice
163.45,89.63,103.25,Sugarcane
128.15,56.75,99.66,Cotton
152.08,105.9,177.24,Tomato
115.24,71.37,161.61,Potato
129.21,110.31,168.61,Tomato
94.93,54.52,121.69,Onion
109.62,77.15,165.01,Potato
132.09,69.24,108.15,Cotton
64.71,66.47,107.3,Soybean
123.66,63.7,98.69,Cotton
111.75,62.1,60.64,Wheat
94.04,62.6,103.63,Onion
109.7,61.68,52.93,Wheat
127.44,70.54,93.07,Cotton
95.12,67.53,124.0,Onion
118.25,64.05,101.45,Cotton
119.31,59.91,62.23,Wheat
136.55,97.32,177.33,Tomato
127.37,87.91,156.39,Potato
52.38,65.59,112.1,Soybean
119.57,61.1,61.07,Wheat
122.81,82.02,142.15,Potato
134.91,58.86,103.98,Cotton
124.67,85.27,146.09,Potato
100.8,46.57,45.74,Rice
49.04,65.83,85.62,Soybean
95.74,45.59,55.47,Rice
106.73,65.01,130.8,Onion
60.39,67.51,96.97,Soybean
99.87,56.85,121.14,Onion
89.23,41.88,51.98,Barley
65.69,65.06,101.87,Soybean
112.09,90.2,149.03,Potato
135.9,74.83,73.66,Corn
53.41,52.64,101.2,Soybean
109.28,72.57,125.15,Onion
92.94,50.21,51.1,Rice
178.29,86.33,119.48,Sugarcane
99.04,68.98,123.18,Onion
156.03,81.65,143.75,Sugarcane
123.86,87.74,145.37,Potato
92.79,63.62,125.01,Onion
94.28,59.71,124.62,Onion
178.81,75.51,127.32,Sugarcane
78.37,36.24,48.51,Barley
116.09,68.23,53.69,Wheat
125.37,64.26,106.43,Cotton
114.74,68.67,110.99,Onion
122.1,79.99,154.15,Potato
142.28,65.66,66.84,Corn
123.79,90.86,146.21,Potato
138.64,107.54,189.3,Tomato
112.66,75.26,144.13,Potato
98.68,51.64,53.22,Rice
64.21,49.62,92.7,Soybean
104.89,71.14,111.94,Onion
162.5,71.14,124.9,Sugarcane
80.76,40.32,47.73,Barley
80.74,41.26,47.75,Barley
103.49,64.44,113.97,Onion
84.43,48.34,47.49,Rice
65.26,58.42,97.36,Soybean
136.48,102.41,179.2,Tomato
123.88,57.73,56.09,Wheat
107.76,83.39,138.97,Potato
65.65,41.22,54.67,Barley
60.17,43.54,105.91,Soybean
127.06,76.87,93.35,Corn
121.99,62.75,96.36,Cotton
159.81,77.68,74.01,Corn
120.58,61.82,60.41,Wheat
130.91,69.56,89.35,Cotton
109.27,51.86,50.03,Rice
111.25,83.4,159.98,Potato
123.39,60.18,53.99,Wheat
75.69,36.87,49.52,Barley
111.2,71.28,107.63,Cotton
106.56,57.7,59.79,Wheat
120.99,58.88,57.96,Wheat
97.98,50.54,50.01,Rice
95.11,47.66,51.64,Rice
116.43,59.78,98.61,Cotton
91.43,36.47,51.27,Barley
106.88,67.71,105.06,Cotton
123.06,59.77,102.58,Cotton
186.4,80.73,115.68,Sugarcane
106.23,48.35,46.02,Rice
63.42,59.9,103.86,Soybean
158.16,68.46,68.38,Corn
59.97,52.05,99.73,Soybean
84.88,35.87,51.48,Barley
135.05,67.47,99.22,Cotton
107.62,46.26,44.67,Rice
97.29,64.56,121.02,Onion
154.38,95.96,181.18,Tomato
142.0,102.44,172.86,Tomato
165.07,80.42,125.74,Sugarcane
71.48,65.29,108.19,Soybean
136.53,70.14,88.0,Corn
169.53,75.93,134.95,Sugarcane
101.88,61.46,114.79,Onion
132.33,65.15,94.35,Cotton
106.64,47.48,45.26,Rice
130.01,59.3,59.61,Wheat
116.11,80.26,164.56,Potato
132.0,58.78,57.2,Wheat
134.47,101.34,182.17,Tomato
85.8,67.9,120.98,Onion
78.52,39.08,51.02,Barley
158.16,68.94,87.57,Corn
181.98,74.58,135.11,Sugarcane
139.07,91.38,176.95,Tomato
118.1,69.55,111.53,Cotton
122.0,61.33,57.83,Wheat
120.2,55.03,61.65,Wheat
64.82,61.61,117.34,Soybean
140.09,68.12,102.19,Cotton
66.0,59.08,91.84,Soybean
145.52,93.82,185.73,Tomato
117.18,91.13,153.95,Potato
187.87,86.3,130.72,Sugarcane
65.25,35.17,46.31,Barley
148.94,81.11,72.86,Corn
80.04,41.96,51.13,Barley
153.94,70.62,77.23,Corn
92.13,48.16,58.53,Rice
151.26,71.56,92.41,Corn
152.58,106.83,179.94,Tomato
141.82,74.98,78.87,Corn
96.98,69.74,124.55,Onion
138.58,74.03,75.22,Corn
107.56,58.06,59.43,Wheat
121.27,83.85,168.62,Potato
116.03,66.52,90.82,Cotton
100.94,56.16,122.15,Onion
99.02,62.94,123.52,Onion
57.54,62.68,98.72,Soybean
69.27,66.06,109.52,Soybean
172.71,73.34,124.55,Sugarcane
65.42,53.49,94.05,Soybean
158.86,71.54,79.56,Corn
101.64,62.6,124.76,Onion
116.49,79.91,151.02,Potato
92.46,49.44,50.37,Rice
122.34,65.63,63.87,Wheat
137.49,105.9,167.34,Tomato
94.42,68.05,111.54,Onion
52.84,49.23,107.76,Soybean
114.51,78.91,154.7,Potato
152.76,98.03,176.27,Tomato
143.11,69.7,103.68,Cotton
97.1,67.18,126.03,Onion
119.18,63.73,57.19,Wheat
146.69,97.98,168.21,Tomato
143.54,71.0,76.78,Corn
73.64,35.18,50.32,Barley
53.51,63.06,110.55,Soybean
102.53,52.94,49.74,Rice
108.43,48.46,47.32,Rice
105.8,59.58,57.08,Wheat
148.47,95.28,167.14,Tomato
112.51,85.1,148.08,Potato
121.6,107.09,164.76,Tomato
152.13,78.94,78.19,Corn
156.96,101.22,174.22,Tomato
57.85,73.75,92.88,Soybean
117.84,70.71,99.94,Cotton
62.02,67.66,109.55,Soybean
74.25,41.21,47.99,Barley
81.85,41.93,51.09,Barley
63.23,58.43,101.91,Soybean
117.14,88.78,148.82,Potato
119.39,65.07,145.02,Potato
106.62,62.71,117.99,Onion
98.41,63.17,117.39,Onion
113.85,62.55,64.19,Wheat
131.63,68.09,96.82,Cotton
104.44,51.24,47.37,Rice
113.85,61.68,62.89,Wheat
121.85,62.03,98.72,Cotton
126.86,71.22,157.24,Potato
124.45,62.86,61.15,Wheat
171.84,72.41,114.05,Sugarcane
56.14,45.52,105.65,Soybean
79.67,38.99,51.29,Barley
143.04,77.7,85.9,Corn
80.26,40.51,56.81,Barley
126.28,84.4,146.14,Potato
142.45,112.25,173.14,Tomato
97.67,43.72,49.01,Rice
52.98,52.88,106.34,Soybean
131.4,88.26,151.15,Potato
158.52,71.58,92.4,Corn
85.73,39.79,44.93,Barley
66.5,63.34,101.26,Soybean
183.34,67.93,119.27,Sugarcane
113.42,76.88,164.32,Potato
147.28,75.38,69.32,Corn
78.29,31.99,51.41,Barley
120.96,61.18,59.93,Wheat
135.85,101.3,168.81,Tomato
114.0,63.9,86.21,Cotton
123.22,90.33,195.7,Tomato
119.14,66.49,101.92,Cotton
107.23,48.07,51.6,Rice
147.76,64.2,104.48,Cotton
65.66,56.16,106.92,Soybean
175.72,79.88,133.97,Sugarcane
157.58,74.56,77.54,Corn
138.76,79.16,78.79,Corn
65.61,52.23,107.01,Soybean
93.47,68.44,122.8,Onion
181.76,83.57,131.82,Sugarcane
91.97,42.83,47.6,Rice
161.32,86.0,78.63,Corn
158.58,77.56,78.88,Corn
125.39,82.04,150.56,Potato
175.47,76.03,85.06,Corn
143.88,76.81,72.38,Corn
100.72,51.06,56.34,Rice
98.76,47.44,49.42,Rice
130.1,106.46,178.56,Tomato
122.53,70.42,100.54,Cotton
118.29,63.67,109.56,Cotton
113.81,52.81,64.99,Wheat
178.81,85.29,110.43,Sugarcane
98.18,64.63,123.85,Onion
104.06,59.16,55.95,Wheat
78.97,41.44,42.17,Barley
153.34,72.19,78.61,Corn
108.15,50.37,55.05,Rice
93.57,36.28,50.33,Barley
92.68,63.19,107.97,Onion
57.63,57.24,107.14,Soybean
42.51,51.86,100.1,Soybean
81.04,48.78,43.98,Barley
130.47,62.55,107.08,Cotton
145.33,75.15,71.19,Corn
60.41,63.29,106.41,Soybean
127.84,96.52,179.71,Tomato
93.99,53.54,53.55,Rice
143.66,72.76,71.49,Corn
77.63,49.98,101.69,Soybean
128.9,66.54,97.39,Cotton
55.56,65.82,99.17,Soybean
72.18,40.85,53.49,Barley
121.7,58.78,107.9,Onion
132.91,89.08,141.68,Potato
59.63,61.9,103.47,Soybean
84.3,39.64,54.63,Barley
110.77,86.42,142.18,Potato
139.2,77.97,60.4,Corn
174.84,77.41,134.37,Sugarcane
132.9,76.2,103.07,Cotton
67.64,56.46,94.04,Soybean
115.44,79.18,146.44,Potato
55.72,62.88,105.34,Soybean
125.03,83.9,154.5,Potato
118.52,57.09,56.8,Wheat
86.5,37.75,49.52,Barley
171.09,78.92,91.5,Corn
156.72,65.53,81.42,Corn
139.09,89.21,178.73,Tomato
134.96,93.35,168.64,Tomato
161.73,74.95,121.09,Sugarcane
119.19,63.68,86.64,Cotton
90.15,50.86,54.94,Rice
96.81,52.26,51.35,Rice
112.0,71.19,121.4,Onion
116.72,62.81,61.86,Wheat
143.49,88.41,169.2,Tomato
130.38,61.12,56.84,Wheat
114.52,87.47,150.0,Potato
99.94,68.47,130.64,Onion
94.28,53.75,49.09,Rice
142.22,80.35,81.26,Corn
81.75,40.65,52.84,Barley
139.08,99.56,191.51,Tomato
94.38,51.37,51.83,Rice
57.6,60.59,101.32,Soybean
121.36,78.1,145.62,Potato
60.93,43.83,99.8,Soybean
113.36,79.59,162.71,Potato
124.21,88.23,146.8,Potato
124.15,56.2,63.46,Wheat
99.49,52.16,52.52,Rice
124.49,59.45,61.24,Wheat
120.1,59.05,110.95,Cotton
156.45,93.38,183.35,Tomato
129.31,56.28,100.79,Cotton
52.78,65.26,101.18,Soybean
150.82,62.19,78.73,Corn
98.3,51.48,52.06,Rice
102.45,75.09,121.44,Onion
68.69,38.9,48.53,Barley
122.2,63.81,101.28,Cotton
109.27,61.37,108.29,Cotton
168.14,71.74,112.77,Sugarcane
61.1,60.34,101.16,Soybean
121.63,73.77,143.34,Potato
81.99,41.89,50.5,Barley
180.3,85.66,139.77,Sugarcane
140.14,101.54,164.5,Tomato
169.86,82.26,116.72,Sugarcane
92.42,60.3,120.14,Onion
82.52,45.27,46.62,Barley
104.26,49.21,49.12,Rice
107.76,87.43,161.14,Potato
112.74,59.48,60.13,Wheat
103.9,62.35,121.5,Onion
114.1,65.96,115.26,Cotton
112.03,57.88,98.22,Cotton
84.16,51.99,47.46,Rice
82.07,34.67,51.54,Barley
114.52,88.78,141.63,Potato
130.55,59.69,61.34,Wheat
112.03,64.05,124.8,Onion
164.22,83.75,128.48,Sugarcane
123.09,83.64,158.95,Potato
45.89,55.36,92.77,Soybean
129.25,60.22,57.18,Wheat
141.82,92.48,70.24,Corn
163.8,69.31,127.06,Sugarcane
101.0,44.32,48.59,Rice
95.44,52.64,43.43,Rice
85.95,37.32,52.49,Barley
101.43,49.37,44.87,Rice
169.83,65.88,74.92,Corn
141.01,68.35,78.74,Corn
86.14,35.27,50.71,Barley
136.33,93.16,171.95,Tomato
122.96,70.63,140.69,Potato
123.96,75.99,82.91,Corn
82.7,43.46,52.47,Barley
100.42,71.55,115.97,Onion
79.67,38.32,49.73,Barley
64.6,42.94,95.12,Soybean
73.18,42.26,46.17,Barley
118.32,87.56,139.38,Potato
112.01,74.31,140.76,Potato
125.22,78.32,144.02,Potato
69.48,57.64,93.08,Soybean
190.02,82.55,129.0,Sugarcane
116.2,85.17,136.05,Potato
130.42,57.48,107.01,Cotton
53.35,69.71,102.08,Soybean
111.96,78.79,147.26,Potato
101.47,68.33,122.81,Onion
97.55,48.47,46.86,Rice
103.03,53.53,53.13,Rice
159.33,83.29,135.76,Sugarcane
57.42,39.02,49.76,Barley
81.71,38.92,53.58,Barley
178.03,85.16,116.65,Sugarcane
153.06,84.21,64.45,Corn
69.0,64.66,102.81,Soybean
151.87,76.15,87.03,Corn
129.96,61.26,62.7,Wheat
58.63,56.86,100.18,Soybean
80.68,38.77,50.48,Barley
99.64,49.2,48.78,Rice
114.33,71.09,94.21,Cotton
56.43,48.62,92.56,Soybean
128.24,58.32,55.83,Wheat
109.25,53.82,46.05,Rice
155.21,77.37,88.9,Corn
73.57,36.81,51.15,Barley
99.68,67.02,119.72,Onion
130.09,57.96,57.86,Wheat
111.34,45.01,47.83,Rice
111.37,65.6,125.34,Onion
142.59,65.44,102.64,Cotton
174.03,75.18,121.66,Sugarcane
168.71,68.5,85.53,Corn
113.97,64.85,54.48,Wheat
142.8,59.39,93.88,Cotton
118.57,60.92,65.55,Wheat
124.83,80.95,144.99,Potato
80.46,42.41,52.53,Barley
137.16,64.88,98.84,Cotton
153.5,76.49,80.36,Corn
108.98,74.83,123.6,Onion
116.65,60.88,60.98,Wheat
78.44,37.67,47.1,Barley
119.55,57.61,62.27,Wheat
129.91,55.07,56.23,Wheat
123.33,61.57,60.25,Wheat
157.43,82.09,84.54,Corn
137.38,109.8,179.98,Tomato
170.12,74.76,113.49,Sugarcane
121.5,71.81,102.2,Cotton
132.45,56.92,86.43,Cotton
57.36,69.31,109.99,Soybean
100.0,61.55,120.03,Onion
133.16,59.97,99.81,Cotton
123.72,63.61,98.13,Cotton
65.71,66.39,98.61,Soybean
88.45,36.64,46.28,Barley
129.18,102.36,172.74,Tomato
141.04,95.55,183.38,Tomato
173.95,82.19,125.72,Sugarcane
156.51,75.08,115.9,Sugarcane
122.06,65.62,152.84,Potato
176.82,64.24,116.21,Sugarcane
121.94,55.82,110.63,Cotton
75.74,38.61,49.02,Barley
104.13,51.37,54.87,Rice
126.34,54.69,103.67,Cotton
107.46,74.17,118.3,Onion
172.19,79.03,120.06,Sugarcane
161.99,71.05,81.72,Corn
120.25,69.43,131.2,Potato
141.53,83.6,74.95,Corn
124.32,63.38,59.2,Wheat
119.72,66.44,59.66,Wheat
144.83,93.36,180.43,Tomato
64.99,67.39,103.58,Soybean
128.9,73.96,167.09,Potato
64.84,53.73,102.33,Soybean
123.85,88.3,151.32,Potato
118.22,82.24,146.12,Potato
169.39,71.21,123.31,Sugarcane
117.23,51.57,59.88,Wheat
118.68,78.16,159.41,Potato
124.42,83.09,153.61,Potato
120.23,64.0,58.36,Wheat
72.81,37.7,45.82,Barley
162.74,75.97,106.62,Sugarcane
79.13,38.68,49.39,Barley
124.34,59.3,67.03,Wheat
121.79,65.04,64.66,Wheat
178.46,87.51,131.44,Sugarcane
160.74,82.63,75.2,Corn
123.53,72.34,133.9,Potato
101.32,66.56,131.33,Onion
87.14,40.46,53.87,Barley
95.01,56.5,114.63,Onion
150.04,92.74,168.46,Tomato
125.67,59.48,55.43,Wheat
100.21,46.53,50.8,Rice
155.11,80.15,75.61,Corn
132.12,75.94,103.55,Cotton
135.78,80.53,74.55,Corn
95.94,69.49,111.42,Onion
182.07,71.78,129.6,Sugarcane
180.21,84.93,131.8,Sugarcane
96.93,49.78,48.89,Rice
63.28,66.53,102.37,Soybean
113.68,63.39,111.51,Cotton
175.86,76.87,130.37,Sugarcane
145.41,59.12,92.82,Cotton
138.4,74.8,79.1,Corn
148.09,74.82,78.43,Corn
120.6,71.67,104.2,Cotton
178.22,87.27,141.77,Sugarcane
66.82,48.98,90.17,Soybean
91.79,38.36,45.49,Barley
144.47,73.43,86.39,Corn
122.45,53.0,62.09,Wheat
125.9,84.36,150.06,Potato
126.25,58.82,58.27,Wheat
121.02,71.26,158.68,Potato
157.5,78.0,71.09,Corn
121.76,74.94,96.46,Cotton
130.36,62.85,61.38,Wheat
128.86,60.1,120.41,Cotton
108.97,61.8,60.5,Wheat
145.1,101.29,168.03,Tomato
79.51,38.49,50.65,Barley
74.94,42.7,46.41,Barley
178.68,80.01,116.56,Sugarcane
187.43,85.97,119.74,Sugarcane
143.97,71.82,85.78,Corn
130.72,87.95,148.8,Potato
74.53,33.55,55.46,Barley
93.29,61.67,118.82,Onion
98.82,57.26,116.73,Onion
78.1,44.11,41.54,Barley
48.65,56.91,95.92,Soybean
147.01,97.01,184.09,Tomato
76.96,40.6,51.98,Barley
116.28,62.94,58.73,Wheat
139.79,94.34,179.78,Tomato
48.09,70.08,99.23,Soybean
130.49,105.21,167.94,Tomato
174.79,79.73,126.58,Sugarcane
174.03,75.76,139.49,Sugarcane
117.86,63.76,62.27,Wheat
102.63,55.36,118.14,Onion
65.63,71.35,99.5,Soybean
121.46,70.18,98.18,Cotton
183.79,75.24,139.08,Sugarcane
141.75,91.63,172.07,Tomato
147.37,66.48,89.89,Cotton
114.14,86.41,152.33,Potato
147.8,77.21,77.13,Corn
136.51,74.37,86.37,Cotton
132.77,71.09,96.58,Cotton
146.95,78.69,83.46,Corn
70.86,63.47,93.48,Soybean
120.9,68.88,175.3,Potato
84.16,41.78,54.1,Barley
99.05,46.05,47.62,Rice
98.26,65.71,123.83,Onion
102.86,71.83,125.76,Onion
137.66,74.7,90.66,Cotton
173.56,84.05,123.2,Sugarcane
72.35,51.88,104.36,Soybean
130.23,78.82,153.05,Potato
93.94,47.41,52.31,Rice
100.87,50.29,52.94,Rice
110.37,72.15,115.9,Onion
101.86,45.24,50.67,Rice
141.43,95.73,173.61,Tomato
57.12,70.43,98.35,Soybean
145.31,74.03,79.57,Corn
162.08,83.51,72.7,Corn
123.64,64.61,65.53,Wheat
74.07,43.18,52.92,Barley
164.73,69.56,71.47,Corn
145.67,96.97,177.74,Tomato
140.19,104.27,173.41,Tomato
125.32,73.42,141.2,Potato
111.6,81.76,157.25,Potato
145.77,101.11,179.72,Tomato
104.66,46.84,55.82,Rice
117.44,63.18,57.31,Wheat
183.43,79.04,117.11,Sugarcane
116.47,56.48,64.08,Wheat
122.84,64.72,91.32,Cotton
79.58,33.83,52.6,Barley
109.17,86.08,151.06,Potato
179.53,81.33,127.2,Sugarcane
185.6,75.06,138.84,Sugarcane
103.11,67.53,121.18,Onion
167.4,75.12,122.93,Sugarcane
137.64,68.01,100.48,Cotton
173.23,81.72,114.65,Sugarcane
136.4,63.22,96.17,Cotton
77.2,40.08,48.44,Barley
129.64,58.32,103.24,Cotton
112.11,66.37,102.95,Cotton
106.96,63.36,107.69,Cotton
96.54,46.05,50.66,Rice
112.34,50.84,96.99,Cotton
143.68,103.23,178.85,Tomato
94.2,47.8,49.53,Rice
114.94,59.91,58.29,Wheat
85.1,35.86,44.88,Barley
127.27,77.72,151.7,Potato
187.92,80.46,125.64,Sugarcane
148.2,78.57,66.33,Corn
102.69,67.14,109.59,Onion
129.2,59.04,57.39,Wheat
134.64,71.43,98.9,Cotton
75.47,38.48,50.18,Barley
72.0,39.03,50.51,Barley
133.48,60.62,92.57,Cotton
121.5,62.31,55.77,Wheat
111.35,63.9,119.41,Onion
70.84,56.65,98.01,Soybean
61.83,57.36,98.23,Soybean
151.3,80.14,127.55,Sugarcane
109.25,84.49,132.35,Potato
139.37,102.8,167.8,Tomato
135.66,63.81,108.58,Cotton
108.98,48.42,50.24,Rice
172.2,64.41,113.61,Sugarcane
118.69,86.33,158.52,Potato
119.96,77.81,146.62,Potato
124.36,85.78,139.26,Potato
128.55,76.14,147.75,Potato
57.51,56.62,96.04,Soybean
99.29,47.7,53.48,Rice
88.46,72.47,120.28,Onion
142.95,98.39,181.5,Tomato
138.78,94.43,171.1,Tomato
96.22,52.12,48.17,Rice
60.95,56.64,93.28,Soybean
93.51,69.21,122.46,Onion
59.19,71.79,103.34,Soybean
112.29,61.65,113.62,Onion
173.57,78.87,118.28,Sugarcane
113.79,64.61,99.41,Cotton
124.19,62.92,93.7,Cotton
130.07,67.62,97.83,Cotton
75.09,38.78,51.02,Barley
74.66,43.25,51.72,Barley
113.64,80.74,151.29,Potato
57.51,61.64,80.31,Soybean
85.95,46.1,48.63,Barley
64.75,57.55,109.99,Soybean
87.76,61.08,127.63,Onion
176.75,81.23,128.55,Sugarcane
103.7,58.1,49.35,Rice
88.92,53.92,52.12,Rice
179.89,77.36,121.22,Sugarcane
105.96,68.42,119.63,Onion
109.14,52.32,50.95,Rice
73.41,37.81,51.14,Barley
122.45,55.88,56.67,Wheat
98.42,59.65,132.74,Onion
76.36,37.1,50.73,Barley
60.51,70.81,113.01,Soybean
144.78,85.95,178.14,Tomato
127.59,67.21,95.11,Cotton
85.87,42.34,52.91,Barley
76.68,39.61,50.84,Barley
67.91,69.58,98.41,Soybean
125.38,68.16,101.93,Cotton
158.58,84.72,118.67,Sugarcane
81.91,35.51,53.08,Barley
92.32,50.59,50.41,Rice
126.16,90.39,139.13,Potato
50.74,56.03,98.11,Soybean
169.84,79.56,127.73,Sugarcane
135.64,66.69,91.95,Cotton
92.83,53.82,49.88,Rice
134.72,97.34,167.36,Tomato
82.18,43.45,52.73,Barley
80.79,39.43,53.75,Barley
84.87,44.82,49.87,Barley
152.8,67.48,67.96,Corn
176.63,87.48,144.33,Sugarcane
86.79,41.55,49.92,Barley
178.68,84.38,114.41,Sugarcane
110.36,65.89,110.49,Cotton
89.27,52.79,50.8,Rice
132.64,100.9,183.42,Tomato
157.49,73.13,78.96,Corn
116.57,85.81,150.96,Potato
102.33,46.03,53.62,Rice
136.95,66.25,105.14,Cotton
108.27,76.04,148.34,Potato
149.99,71.39,82.05,Corn
124.75,72.92,92.55,Cotton
120.62,65.89,102.67,Cotton
120.87,76.2,142.34,Potato
108.78,56.59,59.07,Wheat
113.57,60.36,58.61,Wheat
125.67,61.59,106.64,Cotton
152.55,73.35,76.57,Corn
74.56,40.26,52.87,Barley
120.93,63.54,60.56,Wheat
83.26,47.87,48.9,Barley
106.83,95.14,145.96,Potato
75.29,43.0,51.87,Barley
134.58,99.05,186.73,Tomato
124.55,60.42,59.26,Wheat
73.65,63.52,108.54,Soybean
170.08,85.63,123.54,Sugarcane
72.87,39.27,49.12,Barley
111.38,58.23,57.98,Wheat
99.49,58.13,118.21,Onion
87.61,38.14,54.23,Barley
126.77,52.83,89.93,Cotton
63.48,59.35,115.15,Soybean
158.89,80.51,92.9,Corn
126.21,61.93,100.94,Cotton
110.59,54.12,124.94,Onion
164.86,78.6,120.69,Sugarcane
144.52,74.36,76.26,Corn
146.56,77.88,79.22,Corn
136.08,83.48,92.65,Corn
123.65,80.46,171.04,Potato
103.98,53.04,44.22,Rice
136.97,98.54,174.24,Tomato
99.46,68.92,127.44,Onion
82.13,40.44,48.89,Barley
113.25,56.79,61.67,Wheat
161.48,71.36,91.88,Corn
93.3,51.76,50.19,Rice
163.38,76.23,130.17,Sugarcane
183.67,77.82,118.72,Sugarcane
129.78,64.23,58.46,Wheat
106.05,65.23,120.34,Onion
129.82,88.65,170.02,Tomato
183.98,86.26,117.32,Sugarcane
102.9,51.58,47.35,Rice
154.24,84.84,76.99,Corn
169.44,80.69,135.68,Sugarcane
144.22,109.12,165.26,Tomato
180.43,80.88,114.62,Sugarcane
55.13,77.13,90.95,Soybean
118.78,54.43,60.16,Wheat
119.29,76.37,165.23,Potato
64.58,69.78,92.59,Soybean
59.76,53.81,103.79,Soybean
99.99,63.86,126.63,Onion
113.95,57.03,59.79,Wheat
114.07,64.59,58.79,Wheat
96.32,50.76,53.58,Rice
126.8,70.15,154.42,Potato
135.18,65.72,105.51,Cotton
146.17,72.98,76.63,Corn
128.49,94.17,163.31,Potato
103.73,60.95,124.98,Onion
126.32,57.6,54.79,Wheat
109.41,89.87,145.87,Potato
105.23,76.52,110.14,Onion
120.41,60.25,58.67,Wheat
146.84,73.62,83.01,Corn
146.07,68.19,84.66,Corn
118.38,74.8,160.82,Potato
141.18,104.25,162.16,Tomato
50.71,65.07,107.03,Soybean
117.32,59.48,66.42,Wheat
166.27,66.81,125.39,Sugarcane
115.69,56.61,55.85,Wheat
166.64,79.11,80.3,Corn
143.23,103.56,184.32,Tomato
95.04,54.13,54.6,Rice
151.54,75.55,85.35,Corn
116.02,63.3,58.04,Wheat
105.2,65.42,122.08,Onion
82.71,41.48,47.25,Barley
171.42,85.89,126.28,Sugarcane
97.31,60.99,112.93,Onion
141.68,74.45,72.71,Corn
145.04,97.38,180.77,Tomato
133.58,69.36,92.38,Cotton
158.2,73.98,92.04,Corn
129.49,69.89,91.85,Cotton
71.3,76.57,101.77,Soybean
142.35,63.01,83.0,Corn
101.46,47.4,48.59,Rice
126.22,59.26,63.55,Wheat
149.68,106.42,187.09,Tomato
119.41,80.87,137.13,Potato
120.72,63.38,59.47,Wheat
118.79,79.29,159.96,Potato
91.35,44.66,48.73,Barley
141.58,77.02,81.35,Corn
129.52,69.29,96.88,Cotton
58.48,64.13,90.61,Soybean
117.28,84.64,178.84,Potato
119.04,67.61,102.14,Cotton
101.12,46.55,53.69,Rice
120.85,59.26,56.75,Wheat
181.46,88.35,121.26,Sugarcane
112.7,47.98,53.79,Rice
175.23,79.37,125.29,Sugarcane
121.85,59.93,61.07,Wheat
139.93,106.06,169.08,Tomato
81.92,38.12,45.26,Barley
144.83,68.3,81.06,Corn
110.24,67.36,87.79,Cotton
114.76,66.32,111.28,Cotton
92.96,46.47,46.93,Rice
136.72,102.11,167.62,Tomato
149.08,68.55,75.75,Corn
128.5,65.04,97.83,Cotton
100.06,54.2,50.18,Rice
121.62,55.37,54.67,Wheat
188.68,85.02,123.04,Sugarcane
113.65,59.95,111.74,Cotton
101.09,46.01,49.26,Rice
95.05,48.72,49.59,Rice
179.64,79.11,128.36,Sugarcane
96.34,57.93,50.54,Rice
104.16,71.5,114.77,Onion
134.01,87.88,154.81,Potato
177.07,88.55,129.5,Sugarcane
101.45,66.49,112.77,Onion
69.53,41.05,51.53,Barley
99.51,68.61,120.72,Onion
130.71,81.08,141.12,Potato
124.11,52.34,58.27,Wheat
117.81,62.67,56.3,Wheat
107.65,60.8,129.03,Onion
55.17,58.7,96.99,Soybean
94.74,51.89,48.55,Rice
124.8,76.09,142.21,Potato
117.9,61.07,65.51,Wheat
171.46,78.53,128.08,Sugarcane
84.05,39.18,51.99,Barley
120.0,78.83,166.72,Potato
131.73,79.94,130.11,Potato
73.02,59.14,104.86,Soybean
50.68,47.93,103.22,Soybean
107.48,46.88,51.69,Rice
143.01,109.29,180.92,Tomato
137.78,107.29,173.96,Tomato
96.21,59.85,136.0,Onion
115.54,67.44,101.98,Cotton
110.81,63.0,136.83,Onion
110.01,79.39,149.13,Potato
103.66,50.2,53.17,Rice
147.62,108.26,152.07,Tomato
142.82,105.02,165.1,Tomato
123.16,57.6,65.06,Wheat
124.39,59.16,63.65,Wheat
162.5,68.34,77.67,Corn
118.56,56.77,110.04,Cotton
192.6,89.31,128.81,Sugarcane
57.46,63.58,102.85,Soybean
155.15,70.83,94.56,Corn
129.75,68.15,87.49,Cotton
140.89,101.6,165.94,Tomato
94.03,65.25,125.13,Onion
117.55,57.65,68.28,Wheat
88.35,41.82,47.14,Barley
62.32,60.58,102.37,Soybean
101.28,47.22,51.94,Rice
145.51,74.94,76.37,Corn
90.1,66.21,106.12,Onion
96.06,68.82,116.3,Onion
136.09,68.77,104.11,Cotton
109.9,57.33,62.55,Wheat
129.26,67.98,98.45,Cotton
100.92,62.48,118.78,Onion
136.96,100.12,178.94,Tomato
57.72,48.23,109.99,Soybean
119.13,87.95,148.51,Potato
100.15,57.97,113.43,Onion
121.32,55.19,53.74,Wheat
184.81,78.58,120.66,Sugarcane
109.46,63.34,61.08,Wheat
114.31,71.59,105.95,Cotton
61.81,61.45,97.82,Soybean
130.66,62.67,62.87,Wheat
50.56,53.88,95.7,Soybean
117.08,64.01,101.22,Cotton
91.54,56.92,122.0,Onion
151.93,80.72,73.73,Corn
120.23,64.57,54.56,Wheat
117.24,63.15,58.46,Wheat
62.74,64.09,94.26,Soybean
117.36,74.88,157.64,Potato
87.52,39.46,55.4,Barley
89.19,63.37,127.8,Onion
173.4,79.09,128.26,Sugarcane
82.66,41.46,44.96,Barley
94.0,50.27,47.14,Rice
136.24,72.49,98.45,Cotton
91.16,67.79,118.84,Onion
71.67,41.88,52.23,Barley
152.02,77.98,76.07,Corn
117.81,56.89,95.06,Cotton
119.63,71.06,96.71,Cotton
159.84,76.97,81.96,Corn
131.1,87.64,142.23,Potato
72.58,39.89,47.31,Barley
73.35,39.19,43.7,Barley
168.41,82.26,139.97,Sugarcane
105.31,73.42,126.67,Onion
123.28,63.0,89.77,Cotton
103.58,53.57,54.24,Rice
141.0,86.92,174.11,Tomato
107.66,71.69,122.46,Onion
79.0,41.07,55.4,Barley
98.97,47.45,49.88,Rice
172.39,82.8,120.46,Sugarcane
66.21,58.21,87.76,Soybean
140.49,71.98,77.38,Corn
75.19,43.81,48.53,Barley
174.92,82.05,140.11,Sugarcane
146.57,69.67,80.41,Corn
94.36,48.05,48.4,Rice
82.4,35.64,56.45,Barley
153.96,76.32,88.56,Corn
83.82,65.32,108.89,Onion
117.96,84.9,156.77,Potato
141.22,106.49,175.98,Tomato
61.62,52.73,93.43,Soybean
93.54,47.35,50.5,Rice
141.75,81.67,92.16,Corn
123.02,68.99,87.6,Cotton
179.36,88.2,126.49,Sugarcane
128.63,63.4,100.17,Cotton
132.38,58.39,61.08,Wheat
87.97,49.75,49.51,Rice
141.0,112.88,185.72,Tomato
143.9,74.69,78.82,Corn
131.58,79.46,76.07,Corn
104.66,47.28,52.59,Rice
150.8,83.94,125.6,Sugarcane
123.14,62.86,61.18,Wheat
121.56,63.45,57.21,Wheat
129.5,58.69,57.97,Wheat
117.46,83.64,142.5,Potato
71.69,38.39,53.08,Barley
133.01,60.9,63.13,Wheat
117.5,67.06,95.98,Cotton
93.29,62.07,111.19,Onion
85.84,62.76,129.0,Onion
125.07,90.2,152.62,Potato
119.92,66.65,99.96,Cotton
155.09,72.85,70.11,Corn
123.26,61.22,102.34,Cotton
105.43,57.29,48.73,Rice
95.46,53.03,47.34,Rice
100.03,63.79,118.5,Onion
86.81,36.21,47.02,Barley
123.3,82.56,145.91,Potato
106.71,48.14,47.8,Rice
88.53,46.95,53.49,Rice
181.34,81.74,127.49,Sugarcane
147.6,116.66,156.09,Tomato
117.3,56.69,103.36,Cotton
151.31,66.46,74.63,Corn
103.66,66.62,135.19,Onion
139.68,97.04,178.38,Tomato
78.72,36.15,47.18,Barley
107.97,83.21,137.66,Potato
173.63,81.51,122.3,Sugarcane
121.7,62.65,58.23,Wheat
139.53,112.39,183.18,Tomato
119.9,68.78,99.98,Cotton
107.44,62.65,109.17,Onion
118.13,59.34,58.82,Wheat
137.54,52.09,66.81,Wheat
65.93,62.41,102.84,Soybean
107.39,58.56,123.73,Onion
171.61,75.89,129.8,Sugarcane
119.0,59.84,61.6,Wheat
140.97,79.73,70.69,Corn
88.15,44.86,49.39,Barley
68.4,36.49,52.51,Barley
153.59,66.73,81.76,Corn
99.17,52.82,49.62,Rice
117.43,60.47,57.79,Wheat
99.3,61.83,125.18,Onion
99.63,61.53,109.8,Onion
57.66,45.21,109.13,Soybean
92.76,60.04,126.14,Onion
148.58,91.93,178.58,Tomato
135.22,99.97,178.09,Tomato
126.64,61.76,58.45,Wheat
109.91,77.73,155.0,Potato
52.03,68.24,104.8,Soybean
51.0,58.58,107.86,Soybean
136.76,85.49,161.08,Potato
131.71,62.53,96.68,Cotton
129.79,64.37,93.56,Cotton
122.78,65.48,96.04,Cotton
52.29,51.11,89.66,Soybean
104.41,56.84,117.31,Onion
145.62,107.75,170.17,Tomato
92.29,66.92,114.63,Onion
55.38,61.31,85.71,Soybean
151.76,66.82,86.28,Corn
64.71,66.53,104.25,Soybean
83.0,35.35,53.51,Barley
104.21,47.89,47.66,Rice
104.54,63.29,119.92,Onion
100.03,73.11,111.76,Onion
124.5,86.84,145.4,Potato
96.62,55.7,121.53,Onion
119.7,54.45,59.03,Wheat
104.6,50.89,52.19,Rice
99.54,47.42,49.81,Rice
131.95,55.81,115.99,Cotton
77.83,52.38,103.61,Soybean
54.3,60.62,95.8,Soybean
116.71,71.52,143.69,Potato
86.89,44.89,53.24,Barley
148.89,77.5,74.14,Corn
104.95,47.87,50.72,Rice
57.98,58.57,108.75,Soybean
167.62,81.08,130.74,Sugarcane
59.47,62.47,103.9,Soybean
107.08,49.76,48.51,Rice
116.63,72.25,90.49,Cotton
118.88,81.26,150.99,Potato
96.24,68.96,116.2,Onion
131.54,74.43,147.89,Potato
119.11,58.69,61.07,Wheat
120.49,79.08,135.17,Potato
151.12,71.72,74.59,Corn
112.15,92.14,144.34,Potato
131.93,68.63,100.91,Cotton
118.88,53.55,60.53,Wheat
135.84,96.94,166.0,Tomato
52.76,60.0,88.71,Soybean
156.96,81.73,79.28,Corn
52.43,49.29,93.48,Soybean
125.58,56.36,59.15,Wheat
140.47,98.45,171.75,Tomato
128.49,104.09,167.76,Tomato
164.42,72.44,80.37,Corn
146.9,73.8,80.06,Corn
169.76,82.92,121.97,Sugarcane
179.95,72.3,121.5,Sugarcane
144.27,91.23,172.44,Tomato
135.01,61.73,100.4,Cotton
123.49,55.93,53.28,Wheat
101.4,68.53,97.33,Cotton
131.66,58.7,59.22,Wheat
117.59,68.45,116.54,Onion
125.38,68.12,104.69,Cotton
192.96,72.2,123.79,Sugarcane
113.93,94.05,143.09,Potato
84.58,42.39,49.47,Barley
146.76,74.6,77.45,Corn
106.42,48.16,55.65,Rice
123.2,72.97,158.23,Potato
53.58,54.16,98.72,Soybean
112.17,74.74,158.98,Potato
161.3,72.96,80.8,Corn
98.64,68.24,122.07,Onion
143.92,79.76,83.51,Corn
102.08,60.57,121.67,Onion
65.4,57.34,108.29,Soybean
100.43,59.31,128.07,Onion
107.35,61.96,123.95,Onion
108.52,70.42,101.53,Cotton
174.6,85.79,116.29,Sugarcane
151.22,72.23,82.53,Corn
59.12,59.46,78.86,Soybean
118.23,66.82,95.18,Cotton
124.42,82.71,140.38,Potato
146.42,77.25,74.98,Corn
151.95,71.05,80.23,Corn
127.41,60.5,104.18,Cotton
142.68,113.33,191.9,Tomato
114.11,56.53,60.38,Wheat
121.21,82.91,151.1,Potato
116.06,60.96,56.92,Wheat
92.27,66.31,126.82,Onion
165.14,78.31,133.58,Sugarcane
105.31,42.62,48.64,Rice
84.53,68.91,119.84,Onion
128.02,64.03,59.89,Wheat
192.82,88.79,126.1,Sugarcane
152.54,78.65,75.66,Corn
77.23,68.33,101.46,Soybean
97.93,49.83,49.55,Rice
96.92,63.84,126.9,Onion
71.93,37.22,48.05,Barley
138.19,63.71,104.42,Cotton
117.25,72.14,97.2,Cotton
100.77,50.19,50.53,Rice
105.26,67.77,126.42,Onion
186.0,74.17,130.23,Sugarcane
98.14,65.72,108.4,Onion
84.53,39.34,44.31,Barley
102.22,49.76,117.17,Onion
145.79,92.09,179.9,Tomato
84.13,38.08,51.13,Barley
61.9,58.5,95.97,Soybean
73.41,39.34,47.06,Barley
106.3,67.84,61.07,Wheat
116.81,59.75,58.76,Wheat
120.74,84.11,143.63,Potato
140.38,105.8,182.91,Tomato
149.17,85.5,83.66,Corn
142.16,101.27,174.7,Tomato
51.09,66.75,88.25,Soybean
97.87,50.15,54.19,Rice
109.62,68.93,100.42,Cotton
189.96,78.33,117.65,Sugarcane
98.52,48.75,50.18,Rice
106.48,60.89,111.87,Onion
124.39,63.49,61.11,Wheat
84.5,44.03,47.8,Barley
101.01,44.2,49.02,Rice
60.27,64.3,106.19,Soybean
168.23,78.17,117.53,Sugarcane
82.02,39.33,48.02,Barley
125.51,81.05,137.28,Potato
101.41,59.93,107.76,Onion
175.82,74.01,132.21,Sugarcane
125.4,58.59,58.51,Wheat
117.01,81.59,137.09,Potato
139.04,98.25,167.45,Tomato
165.34,80.61,76.93,Corn
103.62,74.69,102.28,Onion
62.59,60.0,98.06,Soybean
116.04,67.35,64.0,Wheat
179.81,88.69,133.93,Sugarcane
142.18,100.27,186.75,Tomato
93.89,52.23,53.53,Rice
141.32,99.66,179.19,Tomato
132.82,106.91,185.1,Tomato
126.88,63.45,57.7,Wheat
140.32,98.84,176.96,Tomato
51.96,50.19,90.84,Soybean
99.72,53.34,46.95,Rice
107.6,50.48,50.94,Rice
56.27,58.33,107.62,Soybean
106.79,49.55,47.44,Rice
134.15,83.97,177.61,Tomato
189.85,74.28,123.62,Sugarcane
137.17,96.98,160.04,Tomato
137.8,102.06,169.1,Tomato
122.41,71.14,98.85,Cotton
137.82,110.66,181.11,Tomato
170.37,80.15,131.56,Sugarcane
100.86,54.48,133.61,Onion
178.98,77.34,125.77,Sugarcane
125.98,53.91,63.49,Wheat
148.59,100.1,164.7,Tomato
148.36,110.74,183.05,Tomato
121.55,86.01,145.31,Potato
150.3,76.55,83.48,Corn
147.35,81.04,88.72,Corn
105.7,49.95,43.99,Rice
147.48,98.76,181.08,Tomato
122.34,58.91,62.47,Wheat
111.07,61.41,94.75,Cotton
180.58,71.53,121.34,Sugarcane
101.79,66.89,125.5,Onion
130.44,64.9,101.93,Cotton
159.33,66.2,81.96,Corn
136.62,99.75,187.51,Tomato
81.34,40.34,50.14,Barley
133.64,73.71,113.7,Cotton
126.87,86.69,157.82,Potato
164.71,72.62,141.36,Sugarcane
120.45,65.63,116.88,Cotton
124.83,58.04,111.36,Cotton
130.87,66.76,99.87,Cotton
124.4,58.68,63.23,Wheat
104.71,53.97,51.61,Rice
127.07,82.67,152.02,Potato
64.85,74.77,105.63,Soybean
159.26,86.7,77.77,Corn
149.42,66.23,77.91,Corn
102.1,44.73,52.72,Rice
172.29,73.75,119.58,Sugarcane
104.07,50.3,49.12,Rice
81.0,40.33,51.45,Barley
182.03,82.36,122.69,Sugarcane
120.27,64.78,61.94,Wheat
117.0,60.62,55.16,Wheat
115.38,57.8,58.09,Wheat
63.58,57.17,107.05,Soybean
66.05,60.82,99.17,Soybean
123.24,61.38,100.0,Cotton
111.85,61.4,59.87,Wheat
108.3,87.08,162.13,Potato
123.47,59.35,101.82,Cotton
66.17,36.57,47.08,Barley
114.12,89.36,140.08,Potato
170.39,73.27,129.79,Sugarcane
129.58,74.01,91.32,Cotton
159.56,67.02,141.95,Sugarcane
143.07,101.51,168.44,Tomato
130.7,114.15,175.33,Tomato
117.54,60.71,56.94,Wheat
111.54,46.71,47.2,Rice
107.69,77.14,160.29,Potato
146.63,72.07,77.67,Corn
112.67,43.3,41.37,Rice
113.75,65.54,112.81,Onion
135.78,103.91,176.64,Tomato
54.85,54.37,104.28,Soybean
95.78,60.13,134.29,Onion
153.46,81.6,81.13,Corn
77.55,39.39,54.18,Barley
168.37,72.96,122.86,Sugarcane
99.49,47.48,45.19,Rice
104.32,72.91,117.94,Onion
166.0,79.13,79.96,Corn
74.04,37.21,52.02,Barley
117.33,85.44,144.53,Potato
115.5,56.04,60.24,Wheat
102.9,73.36,127.56,Onion
56.54,63.07,101.93,Soybean
148.64,96.89,182.34,Tomato
71.14,35.55,52.41,Barley
102.35,67.62,120.09,Onion
97.5,52.03,43.07,Rice
83.81,41.88,44.57,Barley
95.75,69.11,128.16,Onion
129.64,109.7,184.09,Tomato
98.06,50.27,52.53,Rice
75.42,36.12,40.35,Barley
119.43,60.95,60.86,Wheat
123.17,74.66,148.02,Potato
89.24,54.67,51.22,Rice
138.8,109.14,166.8,Tomato
76.99,37.12,51.86,Barley
141.17,93.56,174.4,Tomato
107.54,49.43,53.31,Rice
133.9,71.51,67.9,Corn
179.47,77.2,121.47,Sugarcane
114.86,58.34,58.29,Wheat
114.66,94.83,166.38,Potato
82.9,38.98,47.52,Barley
77.8,36.49,51.43,Barley
160.0,70.51,81.74,Corn
99.83,63.9,112.81,Onion
46.67,60.23,104.09,Soybean
122.5,66.68,164.32,Potato
94.47,56.98,117.67,Onion
86.95,48.77,48.91,Rice
118.73,55.01,64.54,Wheat
117.98,67.74,141.85,Potato
112.69,59.77,61.44,Wheat
181.16,85.02,131.85,Sugarcane
116.5,61.8,62.2,Wheat
52.85,65.08,96.98,Soybean
63.09,58.75,91.45,Soybean
111.69,59.61,102.51,Cotton
91.45,45.36,53.22,Barley
125.75,86.32,145.25,Potato
193.14,72.5,134.1,Sugarcane
110.16,81.6,157.33,Potato
103.0,63.35,116.21,Onion
84.48,37.14,44.75,Barley
114.43,58.45,58.36,Wheat
49.29,51.67,92.04,Soybean
111.12,79.4,168.85,Potato
59.12,55.27,104.3,Soybean
184.66,80.78,142.68,Sugarcane
118.48,78.86,125.94,Potato
126.14,72.04,113.35,Cotton
138.64,100.71,172.12,Tomato
143.23,81.25,85.68,Corn
115.74,62.64,144.75,Potato
51.76,70.15,105.2,Soybean
147.69,98.83,176.64,Tomato
93.33,43.8,49.66,Barley
116.78,86.51,163.99,Potato
126.35,75.81,95.88,Cotton
59.5,69.16,95.82,Soybean
106.35,76.75,124.33,Onion
117.63,61.06,59.33,Wheat
84.13,32.9,53.95,Barley
106.91,42.05,52.48,Rice
115.26,58.72,58.63,Wheat
183.51,92.45,133.41,Sugarcane
105.37,90.66,157.03,Potato
129.44,66.94,94.49,Cotton
131.13,65.31,101.97,Cotton
177.41,76.63,134.81,Sugarcane
76.27,43.73,47.14,Barley
83.26,46.0,52.86,Barley
158.77,77.81,84.83,Corn
92.11,54.82,46.67,Rice
144.09,84.97,169.43,Tomato
94.79,66.82,112.41,Onion
184.32,80.09,123.51,Sugarcane
148.9,73.82,82.28,Corn
83.08,44.34,48.07,Barley
79.94,36.48,48.82,Barley
124.32,69.15,136.64,Potato
134.24,58.62,62.15,Wheat
70.94,52.12,109.68,Soybean
95.07,48.69,51.06,Rice
136.48,105.88,160.44,Tomato
118.35,59.62,63.29,Wheat
93.59,42.28,56.65,Rice
167.13,72.69,111.76,Sugarcane
117.71,58.75,56.73,Wheat
66.95,39.42,50.08,Barley
75.7,30.87,53.95,Barley
110.27,66.12,123.35,Onion
99.48,49.38,53.04,Rice
120.96,64.26,86.84,Cotton
123.24,77.83,166.2,Potato
169.85,82.1,119.51,Sugarcane
65.99,60.25,104.4,Soybean
151.78,106.92,175.78,Tomato
100.72,64.15,119.75,Onion
114.86,59.72,60.58,Wheat
108.69,77.99,124.48,Onion
67.86,55.06,105.77,Soybean
126.36,85.51,147.04,Potato
90.25,53.49,45.65,Rice
57.87,63.62,100.5,Soybean
135.99,68.8,88.38,Cotton
100.7,59.93,65.21,Wheat
136.65,60.92,106.22,Cotton
163.78,71.64,79.63,Corn
133.85,84.98,166.94,Tomato
98.96,43.39,41.43,Rice
106.83,60.13,52.04,Wheat
105.31,68.98,121.0,Onion
80.8,41.2,48.34,Barley
146.03,93.95,182.45,Tomato
127.7,62.12,95.08,Cotton
171.2,89.94,128.27,Sugarcane
63.3,61.9,100.93,Soybean
119.63,82.85,154.98,Potato
140.29,100.97,184.42,Tomato
99.3,52.04,49.92,Rice
98.55,54.9,123.66,Onion
126.49,81.99,142.27,Potato
152.66,110.77,181.88,Tomato
60.86,57.7,99.11,Soybean
140.96,95.78,159.35,Tomato
121.26,62.11,55.15,Wheat
135.86,89.18,171.92,Tomato
122.03,71.2,107.78,Cotton
54.5,57.01,91.9,Soybean
100.91,64.74,119.03,Onion
100.29,63.1,124.77,Onion
100.5,53.45,50.93,Rice
141.7,100.51,180.19,Tomato
60.37,63.61,101.22,Soybean
96.27,53.65,118.6,Onion
123.43,63.96,57.05,Wheat
90.32,48.27,52.84,Rice
72.7,38.98,55.01,Barley
172.31,80.52,127.88,Sugarcane
124.18,59.73,60.68,Wheat
109.18,71.19,145.6,Potato
144.25,71.92,74.77,Corn
124.01,80.2,138.42,Potato
124.11,74.71,88.35,Cotton
120.63,90.2,160.42,Potato
170.1,78.91,73.59,Corn
103.54,66.48,118.41,Onion
145.71,91.51,164.69,Tomato
137.03,99.17,155.52,Tomato
107.39,60.6,54.3,Wheat
95.62,50.18,47.26,Rice
85.48,36.28,50.07,Barley
141.67,65.17,101.79,Cotton
110.2,62.69,64.34,Wheat
54.07,62.09,104.44,Soybean
106.2,45.11,49.65,Rice
52.09,62.71,117.48,Soybean
135.43,84.33,69.2,Corn
57.66,67.24,92.48,Soybean
73.8,37.97,50.91,Barley
54.01,63.54,92.78,Soybean
65.18,38.27,49.0,Barley
95.79,58.81,126.4,Onion
147.22,68.56,82.54,Corn
153.53,71.71,75.35,Corn
98.21,55.0,51.91,Rice
123.04,85.23,137.32,Potato
59.32,66.45,99.79,Soybean
191.98,70.14,138.94,Sugarcane
123.81,56.55,104.75,Cotton
98.48,53.67,48.73,Rice
179.3,85.78,116.8,Sugarcane
111.65,91.3,157.04,Potato
78.99,43.53,47.02,Barley
146.12,62.18,79.35,Corn
101.17,50.71,47.02,Rice
123.5,61.59,55.6,Wheat
97.34,51.62,51.69,Rice
133.27,57.86,62.28,Wheat
88.32,47.13,52.24,Rice
81.11,39.89,44.86,Barley
141.69,94.02,170.28,Tomato
105.64,50.34,42.29,Rice
156.84,79.43,84.87,Corn
116.82,58.83,59.32,Wheat
147.57,76.16,76.44,Corn
39.57,55.99,107.77,Soybean
96.48,69.21,122.17,Onion
82.99,42.34,48.24,Barley
151.7,70.39,87.78,Corn
100.01,47.29,57.02,Rice
89.67,50.82,54.19,Rice
152.88,67.77,88.39,Corn
161.48,72.65,120.62,Sugarcane
131.47,72.37,105.81,Cotton
91.02,42.08,50.8,Barley
154.86,75.47,73.09,Corn
111.26,76.32,153.9,Potato
134.73,65.56,100.92,Cotton
146.26,91.85,177.56,Tomato
91.75,51.45,51.86,Rice
128.51,71.28,104.27,Cotton
122.19,62.18,99.78,Cotton
103.82,46.64,50.84,Rice
97.01,57.26,50.65,Rice
126.03,79.1,149.25,Potato
111.06,53.36,50.24,Rice
57.88,60.78,107.14,Soybean
162.45,86.3,126.14,Sugarcane
109.11,77.17,155.02,Potato
167.58,79.7,116.3,Sugarcane
75.24,40.51,51.96,Barley
104.86,49.68,49.75,Rice
117.63,80.73,162.96,Potato
103.78,53.78,45.95,Rice
163.77,80.1,77.58,Corn
145.7,111.77,198.22,Tomato
100.26,68.73,113.19,Onion
133.91,100.33,181.02,Tomato
166.41,76.9,68.18,Corn
99.96,54.86,52.68,Rice
95.7,67.14,121.39,Onion
106.46,47.22,55.79,Rice
98.09,67.42,116.27,Onion
177.46,77.04,123.81,Sugarcane
77.64,39.95,49.1,Barley
169.68,77.93,112.1,Sugarcane
62.94,54.65,102.49,Soybean
140.44,78.73,80.62,Corn
141.09,93.66,189.05,Tomato
143.63,83.23,96.94,Corn
79.25,41.5,52.79,Barley
57.64,56.08,101.54,Soybean
61.84,57.8,96.03,Soybean
119.52,64.39,59.25,Wheat
131.85,60.82,103.68,Cotton
122.13,63.53,100.24,Cotton
144.57,100.81,187.27,Tomato
151.42,76.51,76.35,Corn
116.63,69.17,92.19,Cotton
164.66,84.68,136.19,Sugarcane
157.25,74.47,70.58,Corn
145.89,94.85,161.77,Tomato
141.9,65.02,90.19,Cotton
95.52,56.31,47.05,Rice
77.1,38.78,51.43,Barley
182.05,75.22,122.13,Sugarcane
68.14,60.15,96.8,Soybean
135.26,74.21,73.88,Corn
147.54,88.04,187.48,Tomato
128.1,55.62,54.09,Wheat
107.57,65.91,106.45,Onion
72.05,35.52,48.68,Barley
142.32,66.81,99.29,Cotton
128.26,68.47,169.53,Potato
153.92,71.0,76.96,Corn
129.79,59.8,99.89,Cotton
82.14,37.2,52.25,Barley
144.99,61.44,79.0,Corn
170.75,77.49,112.7,Sugarcane
106.82,66.44,119.72,Onion
120.59,86.49,170.55,Potato
83.88,38.2,45.54,Barley
124.47,61.7,106.56,Cotton
126.05,61.37,109.66,Cotton
114.04,54.53,60.04,Wheat
165.03,81.38,121.47,Sugarcane
154.67,78.95,68.67,Corn
79.55,34.32,47.02,Barley
158.29,71.84,81.94,Corn
171.97,88.02,132.3,Sugarcane
106.44,55.31,49.0,Rice
90.14,39.49,46.84,Barley
130.49,62.77,102.48,Cotton
103.3,50.88,48.43,Rice
160.88,86.71,120.25,Sugarcane
122.02,74.79,105.59,Cotton
117.42,72.68,153.44,Potato
93.41,64.21,122.06,Onion
86.74,42.29,52.66,Barley
74.84,37.42,48.71,Barley
84.29,40.51,49.35,Barley
59.17,51.94,100.38,Soybean
118.12,79.65,158.31,Potato
55.83,64.44,93.19,Soybean
138.82,86.97,182.65,Tomato
121.01,60.59,102.58,Cotton
126.68,68.83,103.56,Cotton
150.69,73.89,70.39,Corn
126.89,86.01,139.7,Potato
91.28,50.42,52.59,Rice
141.82,95.74,176.34,Tomato
97.25,45.87,52.03,Rice
111.55,61.02,95.79,Cotton
65.6,55.6,94.83,Soybean
72.3,47.53,47.31,Barley
84.61,40.46,44.84,Barley
126.26,62.0,108.28,Cotton
116.57,79.24,150.84,Potato
125.39,58.0,57.81,Wheat
100.33,48.56,56.03,Rice
59.04,58.9,100.21,Soybean
100.5,46.32,48.36,Rice
78.53,53.08,90.97,Soybean
64.9,46.15,98.43,Soybean
95.56,47.51,51.32,Rice
115.46,63.03,61.69,Wheat
139.01,67.01,105.07,Cotton
120.39,74.53,145.73,Potato
123.3,82.0,164.69,Potato
154.08,93.99,113.45,Sugarcane
121.67,60.94,98.83,Cotton
105.31,52.46,47.98,Rice
111.55,82.92,167.02,Potato
59.76,54.93,102.5,Soybean
111.75,61.68,93.98,Cotton
131.74,55.83,101.74,Cotton
59.74,59.24,97.97,Soybean
116.65,77.56,155.04,Potato
131.73,92.87,164.63,Potato
123.96,64.24,95.73,Cotton
114.48,90.99,147.75,Potato
159.99,75.29,76.52,Corn
58.45,63.65,101.52,Soybean
69.01,38.16,51.7,Barley
104.9,74.07,110.64,Onion
78.31,42.25,48.81,Rice
187.78,88.08,119.79,Sugarcane
168.96,70.78,132.51,Sugarcane
137.64,98.05,169.41,Tomato
92.26,45.19,50.38,Rice
102.74,61.16,117.94,Onion
121.37,70.7,92.14,Cotton
152.14,104.43,173.16,Tomato
93.88,62.18,117.53,Onion
114.34,76.78,155.31,Potato
55.58,61.92,103.3,Soybean
82.12,37.79,48.34,Barley
95.53,50.98,46.01,Rice
127.33,55.23,95.17,Cotton
57.82,66.39,104.42,Soybean
87.9,35.77,48.85,Barley
71.35,69.31,92.23,Soybean
160.65,73.71,88.46,Corn
143.28,76.89,172.21,Tomato
163.05,67.1,73.08,Corn
185.77,73.25,128.74,Sugarcane
127.62,90.58,182.46,Tomato
88.4,68.47,122.01,Onion
63.86,63.07,110.27,Soybean
128.37,66.41,50.38,Wheat
120.59,62.54,93.97,Cotton
132.02,75.24,80.08,Corn
100.55,63.15,109.47,Onion
168.18,76.46,116.22,Sugarcane
115.23,79.36,148.6,Potato
60.81,59.28,107.41,Soybean
116.43,64.02,86.71,Cotton
88.67,39.93,52.36,Barley
128.84,66.3,62.06,Wheat
122.56,63.48,61.54,Wheat
81.06,43.85,47.97,Barley
113.28,75.65,150.45,Potato
129.72,86.01,152.48,Potato
100.53,47.07,50.9,Rice
112.99,49.18,52.7,Rice
135.27,56.2,58.71,Wheat
128.23,111.61,164.25,Tomato
150.58,84.45,84.6,Corn
123.98,79.74,142.79,Potato
83.65,35.91,57.32,Barley
136.64,107.75,182.17,Tomato
97.0,70.21,117.0,Onion
105.18,65.96,102.44,Cotton
149.61,69.55,79.05,Corn
77.77,42.38,51.71,Barley
55.36,75.02,96.91,Soybean
95.29,63.24,118.16,Onion
57.74,57.35,99.72,Soybean
69.47,38.03,51.99,Barley
112.42,83.75,134.61,Potato
107.37,50.67,50.86,Rice
172.13,81.82,131.62,Sugarcane
156.52,74.57,82.51,Corn
140.54,72.96,83.15,Corn
184.09,85.22,143.17,Sugarcane
63.43,57.29,89.41,Soybean
145.53,66.35,80.71,Corn
99.37,72.52,120.8,Onion
176.2,79.44,126.31,Sugarcane
62.06,60.2,94.02,Soybean
103.18,62.55,119.36,Onion
92.59,45.83,50.7,Rice
121.05,87.14,156.89,Potato
126.46,67.37,95.31,Cotton
105.16,50.6,47.09,Rice
116.08,63.78,59.49,Wheat
165.58,74.51,134.93,Sugarcane
148.53,82.28,79.64,Corn
68.11,44.05,99.69,Soybean
77.38,45.27,45.31,Barley
129.56,81.9,130.37,Potato
83.07,43.46,51.77,Barley
129.74,70.43,102.22,Cotton
63.38,41.46,51.28,Barley
88.55,44.74,48.43,Rice
81.3,42.05,51.7,Barley
63.13,59.46,106.87,Soybean
180.41,79.84,118.09,Sugarcane
48.6,57.38,89.55,Soybean
70.05,37.87,47.08,Barley
121.36,58.35,58.38,Wheat
73.16,38.24,48.53,Barley
147.35,76.83,67.06,Corn
155.13,84.47,130.18,Sugarcane
158.2,74.02,81.98,Corn
71.12,58.78,96.03,Soybean
93.66,56.04,52.4,Rice
102.84,64.83,126.99,Onion
115.86,69.11,105.81,Cotton
177.7,78.34,121.93,Sugarcane
154.81,101.18,176.95,Tomato
120.26,60.19,59.11,Wheat
117.19,84.71,161.18,Potato
134.99,65.52,106.37,Cotton
155.38,77.77,95.0,Corn
93.95,63.59,128.2,Onion
74.04,72.24,87.03,Soybean
174.7,68.77,138.48,Sugarcane
57.5,51.3,102.94,Soybean
110.44,56.79,50.95,Wheat
76.87,38.65,49.42,Barley
133.35,64.54,100.2,Cotton
135.04,74.94,78.85,Corn
97.09,59.56,121.94,Onion
145.15,77.31,69.15,Corn
160.6,72.11,78.28,Corn
63.59,76.07,92.53,Soybean
104.44,76.58,159.53,Potato
128.48,85.06,139.16,Potato
64.41,55.88,105.99,Soybean
103.46,68.55,127.71,Onion
107.01,55.03,53.74,Rice
131.02,94.01,179.59,Tomato
135.11,85.35,167.65,Tomato
151.84,73.11,123.38,Sugarcane
140.03,67.0,67.28,Corn
129.09,62.05,62.55,Wheat
149.66,68.78,83.0,Corn
129.87,67.44,91.94,Cotton
120.12,59.61,95.73,Cotton
182.89,80.37,128.52,Sugarcane
96.89,52.97,50.28,Rice
170.38,79.92,140.39,Sugarcane
102.12,63.35,116.14,Onion
96.18,69.95,118.46,Onion
131.94,99.45,174.44,Tomato
102.88,61.41,106.45,Onion
111.19,47.68,60.25,Wheat
110.59,64.3,119.1,Onion
108.69,65.31,61.1,Wheat
89.64,38.47,48.57,Barley
91.33,48.32,49.16,Rice
77.22,33.6,52.13,Barley
114.01,63.16,104.68,Cotton
127.34,70.76,101.2,Cotton
120.78,68.45,100.12,Cotton
165.73,73.17,130.07,Sugarcane
124.27,87.44,152.32,Potato
120.35,70.94,150.42,Potato
169.02,80.82,124.88,Sugarcane
60.79,55.38,100.74,Soybean
115.81,67.32,123.65,Onion
70.4,46.99,91.23,Soybean
163.09,70.31,84.91,Corn
112.49,55.04,61.37,Wheat
90.81,54.59,124.48,Onion
146.31,107.16,169.74,Tomato
78.01,36.08,48.74,Barley
138.14,99.98,171.54,Tomato
94.4,52.38,49.22,Rice
83.95,44.73,54.86,Barley
148.94,91.11,172.37,Tomato
137.94,102.7,174.71,Tomato
114.31,80.48,153.3,Potato
154.47,79.95,92.03,Corn
100.12,59.22,122.15,Onion
168.33,78.05,138.46,Sugarcane
120.31,70.23,110.68,Cotton
69.52,36.89,42.38,Barley
142.17,79.89,76.1,Corn
179.78,76.65,125.27,Sugarcane
101.84,52.66,48.15,Rice
145.08,104.86,163.07,Tomato
102.07,62.75,124.49,Onion
122.57,80.88,156.61,Potato
123.99,83.24,166.09,Potato
176.97,73.74,121.8,Sugarcane
78.63,41.73,47.05,Barley
116.66,72.35,105.83,Cotton
134.67,105.34,192.17,Tomato
134.88,77.67,76.02,Corn
165.77,74.77,127.03,Sugarcane
60.35,65.77,96.82,Soybean
131.18,64.5,68.3,Wheat
119.57,98.15,133.38,Potato
104.13,49.27,49.58,Rice
114.52,69.4,99.71,Cotton
87.25,44.64,50.12,Barley
167.02,74.55,121.84,Sugarcane
100.32,62.16,122.12,Onion
106.26,54.72,43.88,Rice
108.55,79.44,146.16,Potato
75.48,38.88,46.87,Barley
113.6,59.93,106.99,Cotton
144.72,81.77,58.53,Corn
122.64,61.03,59.47,Wheat
117.11,84.42,140.21,Potato
150.36,81.83,75.08,Corn
183.53,85.7,130.48,Sugarcane
105.22,68.76,129.37,Onion
115.1,74.94,99.85,Cotton
134.79,105.76,174.14,Tomato
187.96,80.75,114.78,Sugarcane
175.68,75.34,128.46,Sugarcane
118.07,50.62,63.02,Wheat
166.34,86.8,141.85,Sugarcane
157.23,85.28,76.02,Corn
90.3,51.05,51.89,Rice
100.93,65.33,125.42,Onion
167.97,72.42,131.85,Sugarcane
99.19,54.8,48.11,Rice
147.9,91.39,171.61,Tomato
52.56,72.35,95.11,Soybean
120.09,66.76,66.87,Wheat
119.92,56.26,59.81,Wheat
99.66,61.72,113.04,Onion
53.62,60.93,98.7,Soybean
103.39,49.14,50.93,Rice
97.35,47.92,48.46,Rice
99.6,47.15,47.86,Rice
104.5,65.7,116.95,Onion
97.17,70.95,126.92,Onion
144.79,112.13,174.31,Tomato
144.33,105.03,174.66,Tomato
63.34,54.38,98.72,Soybean
130.48,64.26,95.62,Cotton
132.28,65.39,101.22,Cotton
94.44,52.87,48.14,Rice
